elapsed_ms,timestamp,angle,feedback,zone
19,00:00:00.019,15.40,0,green
150,00:00:00.150,12.14,0,green
250,00:00:00.250,12.89,0,green
377,00:00:00.377,13.99,0,green
514,00:00:00.514,13.17,0,green
653,00:00:00.653,13.87,0,green
785,00:00:00.785,14.16,0,green
919,00:00:00.919,13.68,0,green
1057,00:00:01.057,13.48,0,green
1192,00:00:01.192,13.17,0,green
1328,00:00:01.328,11.95,0,green
1470,00:00:01.470,10.44,0,green
1600,00:00:01.600,12.33,0,green
1727,00:00:01.727,13.54,0,green
1863,00:00:01.863,13.24,0,green
1990,00:00:01.990,13.79,0,green
2118,00:00:02.118,14.90,0,green
2245,00:00:02.245,16.83,0,green
2381,00:00:02.381,17.05,0,green
2506,00:00:02.506,15.92,0,green
2606,00:00:02.606,15.23,0,green
2736,00:00:02.736,14.30,0,green
2871,00:00:02.871,15.86,0,green
3002,00:00:03.002,16.52,0,green
3139,00:00:03.139,15.41,0,green
3279,00:00:03.279,24.45,0,green
3405,00:00:03.405,35.35,0,yellow
3547,00:00:03.547,26.68,0,green
3671,00:00:03.671,23.40,0,green
3801,00:00:03.801,28.23,0,green
3935,00:00:03.935,25.83,0,green
4063,00:00:04.063,22.68,0,green
4165,00:00:04.165,25.72,0,green
4298,00:00:04.298,20.39,0,green
4431,00:00:04.431,22.08,0,green
4567,00:00:04.567,11.98,0,green
4688,00:00:04.688,23.21,0,green
4821,00:00:04.821,15.33,0,green
4955,00:00:04.955,8.17,0,green
5087,00:00:05.087,12.69,0,green
5229,00:00:05.229,16.77,0,green
5366,00:00:05.366,19.81,0,green
5497,00:00:05.497,12.62,0,green
5627,00:00:05.627,13.56,0,green
5760,00:00:05.760,12.06,0,green
5863,00:00:05.863,18.28,0,green
5987,00:00:05.987,3.52,0,green
6124,00:00:06.124,19.27,0,green
6261,00:00:06.261,21.29,0,green
6396,00:00:06.396,29.89,0,green
6498,00:00:06.498,27.88,0,green
6998,00:00:06.998,37.87,0,yellow
7130,00:00:07.130,38.08,1,yellow
7263,00:00:07.263,46.18,1,yellow
7390,00:00:07.390,46.98,1,yellow
7527,00:00:07.527,44.65,1,yellow
7648,00:00:07.648,44.65,1,yellow
7772,00:00:07.772,53.62,1,yellow
7902,00:00:07.902,54.66,1,yellow
8030,00:00:08.030,58.55,1,yellow
8163,00:00:08.163,57.79,0,yellow
8307,00:00:08.307,56.49,0,yellow
8408,00:00:08.408,55.58,0,yellow
8547,00:00:08.547,56.35,0,yellow
8676,00:00:08.676,55.63,1,yellow
8805,00:00:08.805,56.52,1,yellow
8937,00:00:08.937,56.25,1,yellow
9040,00:00:09.040,56.26,1,yellow
9182,00:00:09.182,57.72,1,yellow
9324,00:00:09.324,55.32,1,yellow
9461,00:00:09.461,55.28,1,yellow
9592,00:00:09.592,57.78,1,yellow
9719,00:00:09.719,61.09,1,red
9864,00:00:09.864,58.60,1,yellow
9991,00:00:09.991,47.25,1,yellow
10126,00:00:10.126,44.24,1,yellow
10260,00:00:10.260,44.41,1,yellow
10389,00:00:10.389,42.60,1,yellow
10523,00:00:10.523,39.53,1,yellow
10654,00:00:10.654,31.84,1,yellow
10789,00:00:10.789,22.83,0,green
10932,00:00:10.932,36.61,0,yellow
11055,00:00:11.055,44.31,0,yellow
11182,00:00:11.182,61.28,1,red
11320,00:00:11.320,47.54,0,yellow
11455,00:00:11.455,32.20,0,yellow
11586,00:00:11.586,6.81,0,green
11726,00:00:11.726,12.83,0,green
11869,00:00:11.869,15.25,0,green
12005,00:00:12.005,12.53,0,green
12142,00:00:12.142,12.77,0,green
12273,00:00:12.273,8.65,0,green
12409,00:00:12.409,16.25,0,green
12537,00:00:12.537,43.85,0,yellow
12662,00:00:12.662,44.32,0,yellow
12797,00:00:12.797,39.91,0,yellow
12934,00:00:12.934,35.61,0,yellow
13065,00:00:13.065,33.04,1,yellow
13195,00:00:13.195,34.56,1,yellow
13320,00:00:13.320,19.76,0,green
13447,00:00:13.447,25.88,0,green
13596,00:00:13.596,29.59,0,green
13716,00:00:13.716,27.13,0,green
13848,00:00:13.848,27.25,0,green
13984,00:00:13.984,32.28,0,yellow
14115,00:00:14.115,26.52,0,green
14248,00:00:14.248,29.40,0,green
14375,00:00:14.375,28.49,0,green
14508,00:00:14.508,25.81,0,green
14654,00:00:14.654,21.05,0,green
14754,00:00:14.754,24.56,0,green
14883,00:00:14.883,26.28,0,green
15026,00:00:15.026,24.16,0,green
15130,00:00:15.130,21.75,0,green
15262,00:00:15.262,22.14,0,green
15396,00:00:15.396,23.37,0,green
15531,00:00:15.531,22.59,0,green
15669,00:00:15.669,25.88,0,green
15799,00:00:15.799,25.40,0,green
15926,00:00:15.926,26.37,0,green
16057,00:00:16.057,26.37,0,green
16186,00:00:16.186,27.65,0,green
16329,00:00:16.329,27.20,0,green
16463,00:00:16.463,27.27,0,green
16591,00:00:16.591,25.28,0,green
16723,00:00:16.723,24.82,0,green
16854,00:00:16.854,26.51,0,green
16988,00:00:16.988,24.44,0,green
17117,00:00:17.117,26.08,0,green
17260,00:00:17.260,26.56,0,green
17389,00:00:17.389,26.02,0,green
17523,00:00:17.523,22.32,0,green
17650,00:00:17.650,24.02,0,green
17781,00:00:17.781,21.60,0,green
17884,00:00:17.884,18.23,0,green
18019,00:00:18.019,22.90,0,green
18159,00:00:18.159,25.17,0,green
18282,00:00:18.282,14.83,0,green
18409,00:00:18.409,15.70,0,green
18540,00:00:18.540,13.55,0,green
18664,00:00:18.664,15.38,0,green
18802,00:00:18.802,5.89,0,green
18927,00:00:18.927,20.58,0,green
19049,00:00:19.049,11.86,0,green
19175,00:00:19.175,7.88,0,green
19306,00:00:19.306,7.89,0,green
19445,00:00:19.445,11.31,0,green
19583,00:00:19.583,5.33,0,green
19704,00:00:19.704,24.19,0,green
19830,00:00:19.830,7.91,0,green
19956,00:00:19.956,16.84,0,green
20097,00:00:20.097,9.88,0,green
20227,00:00:20.227,13.50,0,green
20362,00:00:20.362,11.60,0,green
20487,00:00:20.487,12.93,0,green
20611,00:00:20.611,10.34,0,green
20711,00:00:20.711,7.03,0,green
20842,00:00:20.842,9.73,0,green
20965,00:00:20.965,15.29,0,green
21097,00:00:21.097,23.09,0,green
21227,00:00:21.227,23.59,0,green
21369,00:00:21.369,26.96,0,green
21500,00:00:21.500,25.26,0,green
21633,00:00:21.633,26.06,0,green
21761,00:00:21.761,25.10,0,green
21893,00:00:21.893,23.94,0,green
21993,00:00:21.993,21.46,0,green
22120,00:00:22.120,22.78,0,green
22246,00:00:22.246,22.99,0,green
22371,00:00:22.371,23.66,0,green
22504,00:00:22.504,25.22,0,green
22639,00:00:22.639,27.22,0,green
22777,00:00:22.777,30.26,0,yellow
22903,00:00:22.903,29.82,0,green
23004,00:00:23.004,30.92,0,yellow
23129,00:00:23.129,31.76,0,yellow
23253,00:00:23.253,27.12,0,green
23386,00:00:23.386,25.34,0,green
23526,00:00:23.526,21.49,0,green
23660,00:00:23.660,22.03,0,green
23792,00:00:23.792,19.76,0,green
23915,00:00:23.915,20.23,0,green
24054,00:00:24.054,19.77,0,green
24188,00:00:24.188,25.40,0,green
24314,00:00:24.314,30.38,0,yellow
24416,00:00:24.416,27.46,0,green
24521,00:00:24.521,26.02,0,green
24641,00:00:24.641,26.36,0,green
24761,00:00:24.761,27.24,0,green
24906,00:00:24.906,27.72,0,green
25042,00:00:25.042,26.53,0,green
25176,00:00:25.176,23.67,0,green
25306,00:00:25.306,21.54,0,green
25438,00:00:25.438,20.61,0,green
25564,00:00:25.564,22.69,0,green
25701,00:00:25.701,24.11,0,green
25833,00:00:25.833,24.67,0,green
25976,00:00:25.976,23.90,0,green
26105,00:00:26.105,24.66,0,green
26246,00:00:26.246,25.94,0,green
26376,00:00:26.376,25.99,0,green
26511,00:00:26.511,25.89,0,green
26639,00:00:26.639,25.85,0,green
26767,00:00:26.767,26.30,0,green
26893,00:00:26.893,25.89,0,green
27023,00:00:27.023,25.91,0,green
27156,00:00:27.156,25.46,0,green
27294,00:00:27.294,25.23,0,green
27440,00:00:27.440,24.94,0,green
27572,00:00:27.572,24.58,0,green
27715,00:00:27.715,25.12,0,green
27842,00:00:27.842,24.72,0,green
27979,00:00:27.979,24.40,0,green
28111,00:00:28.111,24.32,0,green
28243,00:00:28.243,24.17,0,green
28375,00:00:28.375,22.50,0,green
28508,00:00:28.508,27.91,0,green
28637,00:00:28.637,25.06,0,green
28767,00:00:28.767,21.95,0,green
28913,00:00:28.913,19.62,0,green
29036,00:00:29.036,22.29,0,green
29179,00:00:29.179,22.03,0,green
29279,00:00:29.279,23.89,0,green
29418,00:00:29.418,27.57,0,green
29542,00:00:29.542,29.92,0,green
29678,00:00:29.678,34.31,0,yellow
29814,00:00:29.814,32.88,0,yellow
29949,00:00:29.949,31.53,0,yellow
30077,00:00:30.077,29.28,0,green
30213,00:00:30.213,25.15,0,green
30347,00:00:30.347,22.85,0,green
30489,00:00:30.489,20.90,0,green
30615,00:00:30.615,21.40,0,green
30757,00:00:30.757,19.45,0,green
30891,00:00:30.891,20.48,0,green
31023,00:00:31.023,23.64,0,green
31126,00:00:31.126,27.45,0,green
31261,00:00:31.261,30.49,0,yellow
31404,00:00:31.404,30.13,0,yellow
31533,00:00:31.533,26.85,0,green
31633,00:00:31.633,25.58,0,green
31767,00:00:31.767,23.78,0,green
31898,00:00:31.898,28.43,0,green
32033,00:00:32.033,30.17,0,yellow
32157,00:00:32.157,23.75,0,green
32291,00:00:32.291,22.19,0,green
32418,00:00:32.418,18.49,0,green
32550,00:00:32.550,19.43,0,green
32672,00:00:32.672,20.68,0,green
32815,00:00:32.815,21.66,0,green
32958,00:00:32.958,21.04,0,green
33100,00:00:33.100,21.79,0,green
33226,00:00:33.226,21.84,0,green
33360,00:00:33.360,22.85,0,green
33494,00:00:33.494,22.79,0,green
33594,00:00:33.594,22.48,0,green
33725,00:00:33.725,21.65,0,green
33862,00:00:33.862,21.35,0,green
33996,00:00:33.996,20.61,0,green
34136,00:00:34.136,20.07,0,green
34268,00:00:34.268,19.17,0,green
34403,00:00:34.403,20.12,0,green
34534,00:00:34.534,20.66,0,green
34668,00:00:34.668,21.01,0,green
34792,00:00:34.792,21.20,0,green
34927,00:00:34.927,20.86,0,green
35071,00:00:35.071,22.20,0,green
35212,00:00:35.212,21.78,0,green
35312,00:00:35.312,22.23,0,green
35444,00:00:35.444,21.74,0,green
35572,00:00:35.572,23.68,0,green
35704,00:00:35.704,23.93,0,green
35845,00:00:35.845,24.60,0,green
35978,00:00:35.978,25.32,0,green
36112,00:00:36.112,25.01,0,green
36249,00:00:36.249,25.41,0,green
36383,00:00:36.383,24.16,0,green
36516,00:00:36.516,24.40,0,green
36648,00:00:36.648,24.60,0,green
36789,00:00:36.789,24.40,0,green
36922,00:00:36.922,24.25,0,green
37055,00:00:37.055,24.17,0,green
37197,00:00:37.197,24.01,0,green
37331,00:00:37.331,23.84,0,green
37460,00:00:37.460,23.54,0,green
37591,00:00:37.591,23.35,0,green
37721,00:00:37.721,22.84,0,green
37850,00:00:37.850,23.14,0,green
37978,00:00:37.978,23.09,0,green
38114,00:00:38.114,23.15,0,green
38244,00:00:38.244,22.88,0,green
38374,00:00:38.374,23.61,0,green
19,00:00:00.019,11.83,0,green
19,00:00:00.019,0.47,0,green
19,00:00:00.019,0.59,0,green
19,00:00:00.019,0.96,0,green
145,00:00:00.145,4.14,0,green
274,00:00:00.274,6.87,0,green
399,00:00:00.399,5.06,0,green
526,00:00:00.526,5.67,0,green
660,00:00:00.660,5.03,0,green
802,00:00:00.802,6.11,0,green
941,00:00:00.941,7.55,0,green
1075,00:00:01.075,7.61,0,green
1210,00:00:01.210,8.72,0,green
1339,00:00:01.339,10.08,0,green
1473,00:00:01.473,9.22,0,green
1611,00:00:01.611,13.65,0,green
1749,00:00:01.749,10.80,0,green
1851,00:00:01.851,10.65,0,green
1983,00:00:01.983,4.62,0,green
2116,00:00:02.116,2.92,0,green
2255,00:00:02.255,6.57,0,green
2381,00:00:02.381,6.11,0,green
2532,00:00:02.532,7.73,0,green
2658,00:00:02.658,7.25,0,green
2794,00:00:02.794,13.60,0,green
2919,00:00:02.919,14.51,0,green
3049,00:00:03.049,6.31,0,green
3176,00:00:03.176,13.83,0,green
3301,00:00:03.301,10.06,0,green
3437,00:00:03.437,8.03,0,green
3571,00:00:03.571,7.12,0,green
3695,00:00:03.695,8.06,0,green
3831,00:00:03.831,7.44,0,green
3965,00:00:03.965,10.49,0,green
4100,00:00:04.100,13.13,0,green
4223,00:00:04.223,8.78,0,green
4349,00:00:04.349,10.52,0,green
4483,00:00:04.483,9.67,0,green
4620,00:00:04.620,13.32,0,green
4758,00:00:04.758,16.52,0,green
4892,00:00:04.892,19.78,0,green
5027,00:00:05.027,22.86,0,green
5155,00:00:05.155,23.62,0,green
5279,00:00:05.279,24.92,0,green
5406,00:00:05.406,24.36,0,green
5537,00:00:05.537,25.01,0,green
5675,00:00:05.675,31.02,0,yellow
5810,00:00:05.810,33.71,0,yellow
5955,00:00:05.955,39.24,0,yellow
6097,00:00:06.097,44.70,1,yellow
6223,00:00:06.223,51.62,1,yellow
6353,00:00:06.353,50.18,1,yellow
6487,00:00:06.487,48.31,1,yellow
6621,00:00:06.621,42.82,1,yellow
6755,00:00:06.755,45.08,1,yellow
6876,00:00:06.876,48.46,1,yellow
7009,00:00:07.009,47.84,1,yellow
7142,00:00:07.142,62.16,1,red
7283,00:00:07.283,58.99,0,yellow
7386,00:00:07.386,60.30,1,red
7519,00:00:07.519,61.97,1,red
7654,00:00:07.654,64.22,1,red
7783,00:00:07.783,68.32,1,red
7907,00:00:07.907,66.64,1,red
8043,00:00:08.043,69.70,1,red
8175,00:00:08.175,69.17,1,red
8307,00:00:08.307,64.55,1,red
8434,00:00:08.434,64.60,1,red
8567,00:00:08.567,63.58,1,red
8708,00:00:08.708,57.49,1,yellow
8836,00:00:08.836,53.34,1,yellow
8969,00:00:08.969,51.68,1,yellow
9099,00:00:09.099,50.70,1,yellow
9227,00:00:09.227,39.72,1,yellow
9361,00:00:09.361,43.61,1,yellow
9485,00:00:09.485,40.75,1,yellow
9586,00:00:09.586,40.95,1,yellow
9715,00:00:09.715,37.11,1,yellow
9860,00:00:09.860,37.95,1,yellow
9995,00:00:09.995,34.19,1,yellow
10129,00:00:10.129,32.16,1,yellow
10261,00:00:10.261,28.75,0,green
10388,00:00:10.388,29.22,0,green
10520,00:00:10.520,21.00,0,green
10622,00:00:10.622,21.90,0,green
10755,00:00:10.755,20.28,0,green
10888,00:00:10.888,20.87,0,green
11012,00:00:11.012,20.99,0,green
11141,00:00:11.141,20.55,0,green
11278,00:00:11.278,19.72,0,green
11406,00:00:11.406,17.38,0,green
11531,00:00:11.531,18.31,0,green
11660,00:00:11.660,18.42,0,green
11787,00:00:11.787,13.50,0,green
11889,00:00:11.889,13.02,0,green
12016,00:00:12.016,10.35,0,green
12146,00:00:12.146,9.69,0,green
12271,00:00:12.271,12.05,0,green
12395,00:00:12.395,10.26,0,green
12539,00:00:12.539,9.57,0,green
12661,00:00:12.661,8.49,0,green
12781,00:00:12.781,6.40,0,green
12917,00:00:12.917,5.88,0,green
13055,00:00:13.055,10.76,0,green
13176,00:00:13.176,8.17,0,green
13300,00:00:13.300,6.17,0,green
13433,00:00:13.433,6.84,0,green
13557,00:00:13.557,11.61,0,green
13683,00:00:13.683,9.64,0,green
13825,00:00:13.825,9.48,0,green
13926,00:00:13.926,7.94,0,green
14063,00:00:14.063,8.79,0,green
14194,00:00:14.194,8.07,0,green
14326,00:00:14.326,7.47,0,green
14448,00:00:14.448,6.56,0,green
14581,00:00:14.581,6.94,0,green
14714,00:00:14.714,9.11,0,green
14857,00:00:14.857,12.95,0,green
14980,00:00:14.980,9.08,0,green
15103,00:00:15.103,6.45,0,green
15227,00:00:15.227,7.49,0,green
15373,00:00:15.373,8.24,0,green
15473,00:00:15.473,8.48,0,green
15573,00:00:15.573,9.67,0,green
15710,00:00:15.710,10.33,0,green
15832,00:00:15.832,10.00,0,green
15963,00:00:15.963,9.72,0,green
16102,00:00:16.102,11.88,0,green
16232,00:00:16.232,10.64,0,green
16366,00:00:16.366,13.36,0,green
16501,00:00:16.501,9.11,0,green
16639,00:00:16.639,12.04,0,green
16776,00:00:16.776,11.45,0,green
16909,00:00:16.909,10.11,0,green
17034,00:00:17.034,11.45,0,green
17181,00:00:17.181,11.94,0,green
17285,00:00:17.285,13.97,0,green
17413,00:00:17.413,14.23,0,green
17538,00:00:17.538,8.98,0,green
17665,00:00:17.665,10.36,0,green
17766,00:00:17.766,10.05,0,green
17894,00:00:17.894,7.48,0,green
18021,00:00:18.021,6.94,0,green
18158,00:00:18.158,8.44,0,green
18284,00:00:18.284,22.91,0,green
18421,00:00:18.421,7.44,0,green
18559,00:00:18.559,5.13,0,green
18700,00:00:18.700,5.64,0,green
18830,00:00:18.830,4.69,0,green
18963,00:00:18.963,6.16,0,green
19085,00:00:19.085,7.78,0,green
19223,00:00:19.223,8.99,0,green
19346,00:00:19.346,7.58,0,green
19479,00:00:19.479,12.27,0,green
19608,00:00:19.608,11.81,0,green
19744,00:00:19.744,15.32,0,green
19877,00:00:19.877,17.74,0,green
20004,00:00:20.004,24.00,0,green
20104,00:00:20.104,25.03,0,green
20246,00:00:20.246,25.95,0,green
20388,00:00:20.388,27.13,0,green
20525,00:00:20.525,31.52,0,yellow
20648,00:00:20.648,29.58,0,green
20789,00:00:20.789,31.04,0,yellow
20910,00:00:20.910,35.71,0,yellow
21046,00:00:21.046,36.86,0,yellow
21179,00:00:21.179,41.03,1,yellow
21320,00:00:21.320,42.20,1,yellow
21453,00:00:21.453,40.71,1,yellow
21575,00:00:21.575,44.10,1,yellow
21707,00:00:21.707,43.49,1,yellow
21832,00:00:21.832,42.02,1,yellow
21967,00:00:21.967,42.11,1,yellow
22102,00:00:22.102,43.39,1,yellow
22233,00:00:22.233,59.83,1,yellow
22359,00:00:22.359,56.39,0,yellow
22503,00:00:22.503,56.10,0,yellow
22635,00:00:22.635,54.37,0,yellow
22774,00:00:22.774,58.67,0,yellow
22899,00:00:22.899,57.10,1,yellow
23019,00:00:23.019,55.69,1,yellow
23144,00:00:23.144,57.89,1,yellow
23286,00:00:23.286,59.40,1,yellow
23414,00:00:23.414,56.58,1,yellow
23545,00:00:23.545,62.45,1,red
23685,00:00:23.685,70.12,1,red
23811,00:00:23.811,66.03,1,red
23943,00:00:23.943,63.90,1,red
24080,00:00:24.080,68.94,1,red
24225,00:00:24.225,72.89,1,red
24358,00:00:24.358,75.94,1,red
24483,00:00:24.483,79.59,1,red
24614,00:00:24.614,68.77,1,red
24750,00:00:24.750,70.42,1,red
24874,00:00:24.874,69.06,1,red
25007,00:00:25.007,62.40,1,red
25142,00:00:25.142,63.74,1,red
25277,00:00:25.277,63.19,1,red
25413,00:00:25.413,47.81,1,yellow
25563,00:00:25.563,52.20,1,yellow
25694,00:00:25.694,50.71,1,yellow
25827,00:00:25.827,49.99,1,yellow
25952,00:00:25.952,49.55,1,yellow
26075,00:00:26.075,47.17,1,yellow
26205,00:00:26.205,47.41,1,yellow
26340,00:00:26.340,50.78,1,yellow
26476,00:00:26.476,43.47,1,yellow
26603,00:00:26.603,41.95,1,yellow
26733,00:00:26.733,36.23,1,yellow
26946,00:00:26.946,30.93,0,yellow
27079,00:00:27.079,29.02,0,green
27214,00:00:27.214,28.98,0,green
27347,00:00:27.347,26.72,0,green
27480,00:00:27.480,30.19,0,yellow
27621,00:00:27.621,26.56,0,green
27752,00:00:27.752,27.79,0,green
27884,00:00:27.884,21.61,0,green
28019,00:00:28.019,16.83,0,green
28162,00:00:28.162,18.17,0,green
28295,00:00:28.295,17.91,0,green
28419,00:00:28.419,17.05,0,green
28550,00:00:28.550,16.92,0,green
28685,00:00:28.685,16.81,0,green
28823,00:00:28.823,13.22,0,green
28949,00:00:28.949,14.46,0,green
29082,00:00:29.082,12.50,0,green
29213,00:00:29.213,10.75,0,green
29316,00:00:29.316,10.84,0,green
29442,00:00:29.442,6.95,0,green
29565,00:00:29.565,5.81,0,green
29708,00:00:29.708,5.95,0,green
29809,00:00:29.809,5.36,0,green
29942,00:00:29.942,4.99,0,green
30080,00:00:30.080,4.20,0,green
30219,00:00:30.219,5.84,0,green
30352,00:00:30.352,5.01,0,green
30483,00:00:30.483,5.11,0,green
30583,00:00:30.583,5.05,0,green
30727,00:00:30.727,9.28,0,green
30857,00:00:30.857,3.10,0,green
30994,00:00:30.994,4.38,0,green
31129,00:00:31.129,5.08,0,green
31258,00:00:31.258,4.40,0,green
31388,00:00:31.388,5.67,0,green
31517,00:00:31.517,3.69,0,green
31651,00:00:31.651,5.42,0,green
31784,00:00:31.784,7.79,0,green
31922,00:00:31.922,7.22,0,green
32054,00:00:32.054,7.74,0,green
32187,00:00:32.187,7.00,0,green
32319,00:00:32.319,5.71,0,green
32455,00:00:32.455,5.44,0,green
32590,00:00:32.590,6.23,0,green
32715,00:00:32.715,8.44,0,green
32849,00:00:32.849,8.06,0,green
32987,00:00:32.987,9.01,0,green
33120,00:00:33.120,8.41,0,green
33263,00:00:33.263,13.38,0,green
33395,00:00:33.395,8.95,0,green
33507,00:00:33.507,12.19,0,green
33646,00:00:33.646,8.21,0,green
33787,00:00:33.787,11.20,0,green
33924,00:00:33.924,7.85,0,green
34050,00:00:34.050,9.63,0,green
34175,00:00:34.175,10.97,0,green
34306,00:00:34.306,9.88,0,green
34445,00:00:34.445,10.67,0,green
34591,00:00:34.591,12.71,0,green
34730,00:00:34.730,9.33,0,green
34862,00:00:34.862,10.10,0,green
34988,00:00:34.988,8.89,0,green
35121,00:00:35.121,11.03,0,green
35225,00:00:35.225,11.31,0,green
35350,00:00:35.350,12.00,0,green
35453,00:00:35.453,12.10,0,green
35582,00:00:35.582,8.28,0,green
35710,00:00:35.710,12.35,0,green
35844,00:00:35.844,11.14,0,green
35972,00:00:35.972,10.38,0,green
36107,00:00:36.107,11.48,0,green
36245,00:00:36.245,8.60,0,green
36378,00:00:36.378,10.42,0,green
36517,00:00:36.517,8.10,0,green
36647,00:00:36.647,10.10,0,green
36785,00:00:36.785,7.82,0,green
36912,00:00:36.912,10.05,0,green
37039,00:00:37.039,8.37,0,green
37170,00:00:37.170,8.75,0,green
37292,00:00:37.292,11.51,0,green
37424,00:00:37.424,6.59,0,green
37559,00:00:37.559,4.47,0,green
37691,00:00:37.691,4.03,0,green
37820,00:00:37.820,4.22,0,green
37941,00:00:37.941,7.32,0,green
38071,00:00:38.071,4.63,0,green
38208,00:00:38.208,5.00,0,green
38339,00:00:38.339,6.35,0,green
38477,00:00:38.477,8.31,0,green
38610,00:00:38.610,13.13,0,green
38741,00:00:38.741,4.94,0,green
38868,00:00:38.868,5.43,0,green
39000,00:00:39.000,5.39,0,green
39124,00:00:39.124,9.79,0,green
39257,00:00:39.257,5.53,0,green
39379,00:00:39.379,15.30,0,green
39523,00:00:39.523,17.13,0,green
39667,00:00:39.667,21.16,0,green
39801,00:00:39.801,22.09,0,green
39929,00:00:39.929,23.78,0,green
40031,00:00:40.031,23.28,0,green
40164,00:00:40.164,22.06,0,green
40301,00:00:40.301,25.74,0,green
40437,00:00:40.437,22.56,0,green
40563,00:00:40.563,28.18,0,green
40687,00:00:40.687,34.35,0,yellow
40817,00:00:40.817,37.93,0,yellow
40944,00:00:40.944,38.85,0,yellow
41084,00:00:41.084,46.19,1,yellow
41225,00:00:41.225,41.45,1,yellow
41327,00:00:41.327,50.38,1,yellow
41452,00:00:41.452,49.89,1,yellow
41587,00:00:41.587,47.41,1,yellow
41726,00:00:41.726,46.69,1,yellow
41870,00:00:41.870,47.37,1,yellow
42000,00:00:42.000,47.11,1,yellow
42136,00:00:42.136,60.95,1,red
42269,00:00:42.269,50.68,0,yellow
42404,00:00:42.404,55.33,0,yellow
42546,00:00:42.546,47.01,0,yellow
42681,00:00:42.681,55.24,1,yellow
42813,00:00:42.813,58.14,1,yellow
42914,00:00:42.914,55.70,1,yellow
43052,00:00:43.052,56.12,1,yellow
43194,00:00:43.194,56.57,1,yellow
43300,00:00:43.300,51.73,1,yellow
43431,00:00:43.431,54.28,1,yellow
43562,00:00:43.562,54.09,1,yellow
43706,00:00:43.706,46.44,1,yellow
43847,00:00:43.847,50.27,1,yellow
43978,00:00:43.978,32.37,1,yellow
44098,00:00:44.098,40.18,1,yellow
44225,00:00:44.225,39.06,1,yellow
44361,00:00:44.361,36.98,1,yellow
44501,00:00:44.501,38.88,1,yellow
44630,00:00:44.630,38.88,1,yellow
44767,00:00:44.767,36.67,1,yellow
44895,00:00:44.895,30.86,1,yellow
44995,00:00:44.995,37.30,1,yellow
45122,00:00:45.122,32.72,1,yellow
45254,00:00:45.254,29.67,0,green
45397,00:00:45.397,27.10,0,green
45529,00:00:45.529,21.33,0,green
45664,00:00:45.664,17.33,0,green
45792,00:00:45.792,17.66,0,green
45895,00:00:45.895,18.12,0,green
46044,00:00:46.044,17.09,0,green
46174,00:00:46.174,16.38,0,green
46303,00:00:46.303,18.83,0,green
46427,00:00:46.427,11.00,0,green
46560,00:00:46.560,17.37,0,green
46684,00:00:46.684,14.98,0,green
46816,00:00:46.816,16.55,0,green
46943,00:00:46.943,10.31,0,green
47080,00:00:47.080,9.30,0,green
47214,00:00:47.214,7.64,0,green
47355,00:00:47.355,6.94,0,green
47494,00:00:47.494,5.85,0,green
47629,00:00:47.629,6.79,0,green
47767,00:00:47.767,8.93,0,green
47901,00:00:47.901,5.98,0,green
48033,00:00:48.033,7.70,0,green
48163,00:00:48.163,3.69,0,green
48297,00:00:48.297,6.25,0,green
48431,00:00:48.431,9.98,0,green
48565,00:00:48.565,8.04,0,green
48700,00:00:48.700,6.48,0,green
48829,00:00:48.829,6.35,0,green
48961,00:00:48.961,6.27,0,green
49098,00:00:49.098,6.56,0,green
49224,00:00:49.224,10.06,0,green
49344,00:00:49.344,7.76,0,green
49474,00:00:49.474,10.19,0,green
49607,00:00:49.607,7.12,0,green
49738,00:00:49.738,8.51,0,green
49861,00:00:49.861,10.51,0,green
50004,00:00:50.004,9.22,0,green
50131,00:00:50.131,7.43,0,green
50275,00:00:50.275,8.23,0,green
50402,00:00:50.402,6.88,0,green
50536,00:00:50.536,7.33,0,green
50659,00:00:50.659,8.54,0,green
50801,00:00:50.801,6.86,0,green
50939,00:00:50.939,9.83,0,green
51065,00:00:51.065,8.75,0,green
51197,00:00:51.197,7.20,0,green
51321,00:00:51.321,8.60,0,green
51452,00:00:51.452,8.64,0,green
51577,00:00:51.577,8.03,0,green
51712,00:00:51.712,8.10,0,green
51841,00:00:51.841,9.02,0,green
51976,00:00:51.976,8.85,0,green
52102,00:00:52.102,9.05,0,green
52235,00:00:52.235,7.17,0,green
52367,00:00:52.367,8.53,0,green
52496,00:00:52.496,9.85,0,green
52631,00:00:52.631,10.39,0,green
52761,00:00:52.761,12.03,0,green
52886,00:00:52.886,12.30,0,green
53007,00:00:53.007,12.59,0,green
53150,00:00:53.150,9.98,0,green
53282,00:00:53.282,8.40,0,green
53420,00:00:53.420,10.83,0,green
53557,00:00:53.557,9.16,0,green
53683,00:00:53.683,6.01,0,green
53823,00:00:53.823,7.55,0,green
53959,00:00:53.959,9.65,0,green
54089,00:00:54.089,12.80,0,green
54215,00:00:54.215,9.07,0,green
54348,00:00:54.348,6.59,0,green
54491,00:00:54.491,9.22,0,green
54592,00:00:54.592,7.14,0,green
54726,00:00:54.726,4.72,0,green
54857,00:00:54.857,6.46,0,green
54988,00:00:54.988,9.06,0,green
55121,00:00:55.121,1.94,0,green
55262,00:00:55.262,7.62,0,green
55397,00:00:55.397,6.39,0,green
55527,00:00:55.527,8.19,0,green
55661,00:00:55.661,12.92,0,green
55791,00:00:55.791,7.49,0,green
55925,00:00:55.925,7.01,0,green
56061,00:00:56.061,7.71,0,green
56185,00:00:56.185,7.40,0,green
56315,00:00:56.315,6.17,0,green
56435,00:00:56.435,7.72,0,green
56576,00:00:56.576,11.39,0,green
56706,00:00:56.706,12.62,0,green
56837,00:00:56.837,15.69,0,green
56970,00:00:56.970,16.10,0,green
57091,00:00:57.091,19.85,0,green
57228,00:00:57.228,17.58,0,green
57365,00:00:57.365,17.15,0,green
57506,00:00:57.506,15.80,0,green
57636,00:00:57.636,16.25,0,green
57762,00:00:57.762,17.12,0,green
57909,00:00:57.909,24.81,0,green
58040,00:00:58.040,27.48,0,green
58178,00:00:58.178,29.34,0,green
58311,00:00:58.311,28.33,0,green
58435,00:00:58.435,32.78,0,yellow
58579,00:00:58.579,32.65,0,yellow
58724,00:00:58.724,33.64,0,yellow
58866,00:00:58.866,32.57,1,yellow
58993,00:00:58.993,34.14,1,yellow
59122,00:00:59.122,40.72,1,yellow
59223,00:00:59.223,45.14,1,yellow
59351,00:00:59.351,48.41,1,yellow
59478,00:00:59.478,48.72,1,yellow
59613,00:00:59.613,51.79,1,yellow
59715,00:00:59.715,51.54,1,yellow
59848,00:00:59.848,56.70,1,yellow
59974,00:00:59.974,52.75,1,yellow
60108,00:01:00.108,54.15,1,yellow
60240,00:01:00.240,52.49,1,yellow
60375,00:01:00.375,52.97,1,yellow
60503,00:01:00.503,52.72,1,yellow
60633,00:01:00.633,53.68,1,yellow
60768,00:01:00.768,45.43,1,yellow
60907,00:01:00.907,45.90,1,yellow
61035,00:01:01.035,48.84,1,yellow
61171,00:01:01.171,53.05,1,yellow
61313,00:01:01.313,32.35,1,yellow
61447,00:01:01.447,37.05,1,yellow
61573,00:01:01.573,37.92,1,yellow
61703,00:01:01.703,39.28,1,yellow
61836,00:01:01.836,36.33,1,yellow
61968,00:01:01.968,31.94,1,yellow
62100,00:01:02.100,36.40,1,yellow
62237,00:01:02.237,26.21,0,green
62372,00:01:02.372,23.39,0,green
62505,00:01:02.505,24.89,0,green
62634,00:01:02.634,14.40,0,green
62762,00:01:02.762,14.68,0,green
62901,00:01:02.901,15.83,0,green
63040,00:01:03.040,14.75,0,green
63177,00:01:03.177,14.00,0,green
63321,00:01:03.321,13.51,0,green
63454,00:01:03.454,12.52,0,green
63584,00:01:03.584,9.00,0,green
63727,00:01:03.727,13.02,0,green
63860,00:01:03.860,6.62,0,green
63997,00:01:03.997,6.63,0,green
64130,00:01:04.130,9.88,0,green
64264,00:01:04.264,3.56,0,green
64398,00:01:04.398,7.03,0,green
64536,00:01:04.536,6.24,0,green
64671,00:01:04.671,5.34,0,green
64800,00:01:04.800,4.65,0,green
64928,00:01:04.928,6.11,0,green
65060,00:01:05.060,7.50,0,green
65194,00:01:05.194,7.95,0,green
65324,00:01:05.324,6.19,0,green
65467,00:01:05.467,7.12,0,green
65598,00:01:05.598,8.41,0,green
65736,00:01:05.736,8.27,0,green
65860,00:01:05.860,6.24,0,green
65991,00:01:05.991,7.31,0,green
66125,00:01:06.125,7.13,0,green
66250,00:01:06.250,7.06,0,green
66383,00:01:06.383,8.68,0,green
66513,00:01:06.513,10.66,0,green
66645,00:01:06.645,11.90,0,green
66779,00:01:06.779,10.66,0,green
66911,00:01:06.911,11.11,0,green
67038,00:01:07.038,11.34,0,green
67168,00:01:07.168,11.12,0,green
67310,00:01:07.310,9.88,0,green
67446,00:01:07.446,9.23,0,green
67580,00:01:07.580,9.85,0,green
67702,00:01:07.702,8.93,0,green
67836,00:01:07.836,10.84,0,green
67966,00:01:07.966,10.50,0,green
68106,00:01:08.106,6.19,0,green
68244,00:01:08.244,9.51,0,green
68384,00:01:08.384,9.04,0,green
68513,00:01:08.513,8.40,0,green
68646,00:01:08.646,7.89,0,green
68770,00:01:08.770,10.57,0,green
68897,00:01:08.897,12.78,0,green
69034,00:01:09.034,5.83,0,green
69165,00:01:09.165,5.08,0,green
69285,00:01:09.285,4.97,0,green
69424,00:01:09.424,1.72,0,green
69551,00:01:09.551,0.38,0,green
69675,00:01:09.675,1.76,0,green
69813,00:01:09.813,1.53,0,green
69948,00:01:09.948,1.43,0,green
70089,00:01:10.089,4.14,0,green
70221,00:01:10.221,4.20,0,green
70356,00:01:10.356,6.27,0,green
70494,00:01:10.494,6.69,0,green
70619,00:01:10.619,5.55,0,green
70755,00:01:10.755,4.07,0,green
70894,00:01:10.894,6.33,0,green
71019,00:01:11.019,5.28,0,green
71147,00:01:11.147,4.12,0,green
71284,00:01:11.284,5.07,0,green
71420,00:01:11.420,3.74,0,green
